cell_line_id,target_name,uniprot_id,ensg_id,leiden
2,ACTB,P60709,ENSG00000075624,54
3,AHSA1,O95433,ENSG00000100591,31
7,BAG4,O95429,ENSG00000156735,64
9,BAG6,P46379,ENSG00000229524,93
10,CDC37,Q16543,ENSG00000105401,127
11,DNAJA1,P31689,ENSG00000086061,31
12,DNAJA2,O60884,ENSG00000069345,127
14,DNAJB1,P25685,ENSG00000132002,80
17,DNAJB2,P25686,ENSG00000135924,82
18,DNAJB4,Q9UDY4,ENSG00000162616,165
20,DNAJB6,O75190,ENSG00000105993,136
22,DNAJC11,Q9NVH1,ENSG00000007923,131
24,DNAJC13,O75165,ENSG00000138246,71
26,DNAJC17,Q9NVM6,ENSG00000104129,15
27,DNAJC18,Q9H819,ENSG00000170464,100
28,DNAJC2,Q99543,ENSG00000105821,14
30,DNAJC24,Q6P3W2,ENSG00000170946,73
34,DNAJC5,Q9H3Z4,ENSG00000101152,108
36,DNAJC7,Q99615,ENSG00000168259,127
37,DNAJC8,O75937,ENSG00000285317,56
38,DNAJC9,Q8WXX5,ENSG00000213551,74
39,HSF1,Q00613,ENSG00000185122,15
41,HSP90AA1,P07900,ENSG00000080824,31
42,HSP90AB1,P08238,ENSG00000096384,154
43,HSP90B1,P14625,ENSG00000166598,39
44,HSPA12A,O43301,ENSG00000165868,46
45,HSPA14,Q0VDF9,ENSG00000187522,105
46,HSPA1B,P0DMV9,ENSG00000231555,154
47,HSPA4,P34932,ENSG00000170606,80
48,HSPA4L,O95757,ENSG00000164070,28
49,HSPA8,P11142,ENSG00000109971,154
50,HSPB1,P04792,ENSG00000106211,39
51,HSPB11,Q9Y547,ENSG00000081870,147
52,HSPBP1,Q9NZL4,ENSG00000133265,10
53,HSPH1,Q92598,ENSG00000120694,10
54,STIP1,P31948,ENSG00000168439,154
55,NEDD1,Q8NHV4,ENSG00000139350,8
59,SQSTM1,Q13501,ENSG00000161011,58
61,WWP1,Q9H0M0,ENSG00000123124,152
64,BTF3,P20290,ENSG00000145741,14
65,G3BP1,Q13283,ENSG00000145907,0
66,G3BP2,Q9UN86,ENSG00000138757,0
67,CHMP3,Q9Y3E7,ENSG00000115561,147
68,CHMP6,Q96FZ7,ENSG00000176108,25
69,PDCD6IP,Q8WUM4,ENSG00000170248,39
73,PTGES3,Q15185,ENSG00000110958,31
74,AGTRAP,Q6RW13,ENSG00000177674,22
75,ATG9A,Q7Z3C6,ENSG00000198925,60
76,CHM,P24386,ENSG00000188419,168
78,RAB4A,P20338,ENSG00000168118,141
79,SCAMP1,O15126,ENSG00000085365,68
80,SCAMP2,O15127,ENSG00000140497,68
81,SCAMP4,Q969E2,ENSG00000227500,60
82,SLC7A1,P30825,ENSG00000139514,33
84,STX12,Q86Y82,ENSG00000117758,32
85,VAMP3,Q15836,ENSG00000049245,60
86,VDAC1,P21796,ENSG00000213585,131
87,VDAC2,P45880,ENSG00000165637,79
88,VDAC3,Q9Y277,ENSG00000078668,131
90,UBC,P0CG48,ENSG00000150991,26
91,SACM1L,Q9NTJ5,ENSG00000211456,43
92,NUP35,Q8NFH5,ENSG00000163002,65
93,ARL6IP1,Q15041,ENSG00000170540,145
96,PSMA4,P25789,ENSG00000041357,1
97,PSMB4,P28070,ENSG00000159377,1
98,SEM1,P60896,ENSG00000127922,155
99,PSMB1,P20618,ENSG00000008018,1
100,PSMB3,P49720,ENSG00000277791,142
101,PSME3,P61289,ENSG00000131467,56
102,PSMB7,Q99436,ENSG00000136930,1
103,PSMD4,P55036,ENSG00000159352,1
104,PSMC3,P17980,ENSG00000165916,142
105,PSMD2,Q13200,ENSG00000175166,1
106,PSMB6,P28072,ENSG00000142507,41
107,PSMB5,P28074,ENSG00000100804,1
109,PSMA3,P25788,ENSG00000100567,41
110,PSMG1,O95456,ENSG00000183527,98
111,PSMA6,P60900,ENSG00000100902,1
112,PSMC5,P62195,ENSG00000087191,41
113,PSMA2,P25787,ENSG00000106588,1
114,PSMF1,Q92530,ENSG00000125818,142
115,PSMA1,P25786,ENSG00000129084,1
116,PSMC2,P35998,ENSG00000161057,41
117,PSMD6,Q15008,ENSG00000163636,41
118,PSMA5,P28066,ENSG00000143106,1
119,PSMD3,O43242,ENSG00000108344,142
120,PSMD7,P51665,ENSG00000103035,142
121,PSMD13,Q9UNM6,ENSG00000185627,1
123,PSMD11,O00231,ENSG00000108671,41
124,PSMC4,P43686,ENSG00000013275,41
125,PSMD12,O00232,ENSG00000197170,41
126,PSMB2,P49721,ENSG00000126067,41
127,PSMD1,Q99460,ENSG00000173692,1
128,PSMC6,P62333,ENSG00000100519,1
129,PSMG3,Q9BT73,ENSG00000157778,98
130,PSMD9,O00233,ENSG00000110801,10
133,PSME2,Q9UL46,ENSG00000100911,10
134,PSMC3IP,Q9P2W1,ENSG00000131470,111
135,PSME1,Q06323,ENSG00000092010,124
137,PSMG4,Q5JS54,ENSG00000180822,63
138,PSME4,Q14997,ENSG00000068878,119
139,PSMG2,Q969U7,ENSG00000128789,28
140,INPPL1,O15357,ENSG00000165458,152
141,PIP5K1A,Q99755,ENSG00000143398,25
142,PI4KB,Q9UBF8,ENSG00000143393,61
143,BPNT1,O95861,ENSG00000162813,89
144,MTMR1,Q13613,ENSG00000063601,103
145,PI4KA,P42356,ENSG00000241973,109
146,PIK3R2,O00459,ENSG00000105647,109
147,MTMR2,Q13614,ENSG00000087053,93
148,PIK3C2A,O00443,ENSG00000011405,29
149,CANX,P27824,ENSG00000283777,9
150,OCRL,Q01968,ENSG00000122126,81
152,PIP4P1,Q86T03,ENSG00000165782,96
154,PIP4K2A,P48426,ENSG00000150867,109
156,PIP4K2B,P78356,ENSG00000276293,82
157,INPP4A,Q96PE3,ENSG00000040933,29
158,PIP4K2C,Q8TBX8,ENSG00000166908,152
162,INPP5K,Q9BT40,ENSG00000132376,42
164,INPP5E,Q9NRR6,ENSG00000148384,8
167,PIP5K1C,O60331,ENSG00000186111,109
168,PIK3C3,Q8NEB9,ENSG00000078142,20
169,IMPA2,O14732,ENSG00000141401,19
170,PLD2,O14939,ENSG00000129219,152
172,PI4K2A,Q9BTU6,ENSG00000155252,79
173,PIKFYVE,Q9Y2I7,ENSG00000115020,20
175,NUP153,P49790,ENSG00000124789,65
178,OSTC,Q9NRP0,ENSG00000198856,125
179,KRTCAP2,Q8N6L1,ENSG00000163463,125
180,DDOST,P39656,ENSG00000244038,9
181,STT3A,P46977,ENSG00000134910,125
182,STT3B,Q8TCJ2,ENSG00000163527,125
183,RPN1,P04843,ENSG00000163902,9
184,RPN2,P04844,ENSG00000118705,9
185,OST4,P0C6T2,ENSG00000228474,9
186,DAD1,P61803,ENSG00000129562,125
187,ACLY,P53396,ENSG00000131473,107
188,CEP170,Q5SW79,ENSG00000143702,8
191,CEP250,Q9BV73,ENSG00000126001,8
193,CEP78,Q5JTW2,ENSG00000148019,8
194,CEP85,Q6P2H3,ENSG00000130695,8
196,CEP131,Q9UPN4,ENSG00000141577,130
198,CEP350,Q5VT06,ENSG00000135837,8
199,CEP72,Q9P209,ENSG00000112877,8
200,CEP164,Q9UPV0,ENSG00000110274,8
202,CEP135,Q66GS9,ENSG00000174799,8
204,CEP192,Q8TEP8,ENSG00000101639,8
205,CETN2,P41208,ENSG00000147400,90
206,CETN3,O15182,ENSG00000153140,90
207,CCT2,P78371,ENSG00000166226,70
208,CCT3,P49368,ENSG00000163468,70
209,CCT4,P50991,ENSG00000115484,70
210,CCT5,P48643,ENSG00000150753,70
211,CCT6A,P40227,ENSG00000146731,70
212,CCT7,Q99832,ENSG00000135624,70
213,CCT8,P50990,ENSG00000156261,70
214,PPP2CA,P67775,ENSG00000113575,90
215,PPP2CB,P62714,ENSG00000104695,82
216,CDC23,Q9UJX2,ENSG00000094880,26
219,ANAPC11,Q9NYG5,ENSG00000141552,19
222,ANAPC16,Q96DE5,ENSG00000166295,26
223,ANAPC2,Q9UJX6,ENSG00000176248,77
224,ANAPC4,Q9UJX5,ENSG00000053900,26
227,CDC16,Q13042,ENSG00000130177,26
228,CDC20,Q12834,ENSG00000117399,170
229,CDC26,Q8NHZ8,ENSG00000176386,26
230,BUB1B,O60566,ENSG00000156970,2
232,CDC27,P30260,ENSG00000004897,26
233,MED21,Q13503,ENSG00000152944,7
234,MED24,O75448,ENSG00000008838,24
235,MED10,Q9BTT4,ENSG00000133398,24
236,MED6,O75586,ENSG00000133997,24
237,MED8,Q96G25,ENSG00000159479,24
238,MED17,Q9NVC6,ENSG00000042429,24
239,MED18,Q9BUE0,ENSG00000130772,7
240,MED20,Q9H944,ENSG00000124641,7
243,MED28,Q9H204,ENSG00000118579,7
244,MED15,Q96RN5,ENSG00000099917,24
245,MED25,Q71SY5,ENSG00000104973,24
246,MED14,O60244,ENSG00000180182,7
247,MED31,Q9Y3C7,ENSG00000108590,7
248,MED19,A0JLT2,ENSG00000156603,7
249,MED4,Q9NPJ6,ENSG00000136146,7
250,MED11,Q9P086,ENSG00000161920,7
251,MED22,Q15528,ENSG00000148297,7
252,MED27,Q6P2C8,ENSG00000160563,153
253,MED9,Q9NWA0,ENSG00000141026,7
254,MED29,Q9NX70,ENSG00000063322,7
262,CCDC22,O60826,ENSG00000101997,71
263,CCDC93,Q567U6,ENSG00000125633,71
264,RANBP1,P43487,ENSG00000099901,67
266,COMMD1,Q8N668,ENSG00000173163,71
267,COMMD2,Q86X83,ENSG00000114744,33
268,COMMD4,Q9H0A8,ENSG00000140365,71
269,COMMD6,Q7Z4G1,ENSG00000188243,33
272,HMGCS1,Q01581,ENSG00000112972,165
274,MVK,Q03426,ENSG00000110921,73
275,PMVK,Q15126,ENSG00000163344,146
276,MVD,P53602,ENSG00000167508,69
277,IDI1,Q13907,ENSG00000067064,19
278,FDPS,P14324,ENSG00000160752,165
279,GGPS1,O95749,ENSG00000152904,29
282,SEC14L1,Q92503,ENSG00000129657,175
283,LSS,P48449,ENSG00000160285,173
284,CYP51A1,Q16850,ENSG00000001630,112
287,CYB5R3,P00387,ENSG00000100243,78
288,NSDHL,Q15738,ENSG00000147383,49
289,EBP,Q15125,ENSG00000147155,53
290,SC5D,O75845,ENSG00000109929,33
292,DHCR24,Q15392,ENSG00000116133,100
293,SPTLC2,O15270,ENSG00000100596,42
294,KDSR,Q06136,ENSG00000119537,42
299,DEGS1,O15121,ENSG00000143753,112
311,SGPL1,O95470,ENSG00000166224,49
314,FASN,P49327,ENSG00000169710,39
315,ELOVL1,Q9BW60,ENSG00000066322,79
318,ELOVL5,Q9NYP7,ENSG00000012660,53
319,ELOVL6,Q9H5J4,ENSG00000170522,33
321,SCD,O00767,ENSG00000099194,53
322,SCD5,Q86SK9,ENSG00000145284,75
326,GPAT3,Q53EU6,ENSG00000138678,100
327,GPAT4,Q86UL3,ENSG00000158669,42
328,AGPAT2,O15120,ENSG00000169692,75
332,UBB,P0CG47,ENSG00000170315,89
333,LPCAT1,Q8NF37,ENSG00000153395,173
334,LPCAT2,Q7L5N7,ENSG00000087253,112
337,MBOAT2,Q6ZWT7,ENSG00000143797,173
338,MBOAT7,Q96N66,ENSG00000278322,49
340,PLPP1,O14494,ENSG00000067113,23
344,CDS1,Q92903,ENSG00000163624,75
345,CDS2,O95674,ENSG00000101290,53
346,CEPT1,Q9Y6K0,ENSG00000134255,42
347,CDIPT,O14735,ENSG00000103502,53
348,CHPT1,Q8WUD6,ENSG00000111666,127
349,PTDSS1,P48651,ENSG00000156471,66
350,PTDSS2,Q9BVG9,ENSG00000174915,112
352,PLA2G4A,P47712,ENSG00000116711,28
354,ORAI1,Q96D31,ENSG00000276045,23
355,STIM1,Q13586,ENSG00000167323,42
356,ITPR3,Q14573,ENSG00000096433,148
357,CALM1,P0DP23,ENSG00000198668,158
359,GDI1,P31150,ENSG00000203879,134
360,GDI2,P50395,ENSG00000057608,134
362,MAP1LC3B,Q9GZQ8,ENSG00000140941,158
363,SYVN1,Q86TM6,ENSG00000162298,37
364,VCP,P55072,ENSG00000165280,88
366,ATL2,Q8NHH9,ENSG00000119787,42
367,ATL3,Q6DD88,ENSG00000184743,128
368,BCAP31,P51572,ENSG00000185825,145
370,ERG28,Q9UKR5,ENSG00000133935,53
371,C14orf119,Q9NWQ9,ENSG00000179933,124
375,C18orf21,Q32NC0,ENSG00000141428,144
378,FAM174C,Q9BVV8,ENSG00000228300,101
380,TRIR,Q9BQ61,ENSG00000123144,137
381,C19orf53,Q9UNZ5,ENSG00000104979,44
383,CZIB,Q9NWV4,ENSG00000162384,98
385,CFAP298,P57076,ENSG00000159079,150
387,C7orf50,Q9BRJ6,ENSG00000146540,44
391,C8orf33,Q9H7E9,ENSG00000182307,105
393,RBIS,Q8N0T1,ENSG00000176731,86
395,C9orf16,Q9BUW7,ENSG00000171159,98
398,CD63,P08962,ENSG00000135404,96
399,CD81,P60033,ENSG00000110651,34
400,CD9,P21926,ENSG00000010278,34
401,CLTA,P09496,ENSG00000122705,60
402,CLTB,P09497,ENSG00000175416,60
403,CLTC,Q00610,ENSG00000141367,60
404,CERT1,Q9Y5P4,ENSG00000113163,61
405,ESYT1,Q9BSJ8,ENSG00000139641,60
408,MTOR,P42345,ENSG00000198793,108
412,OSBP,P22059,ENSG00000110048,130
413,OSBPL11,Q9BXB4,ENSG00000144909,61
414,OSBPL8,Q9BZF1,ENSG00000091039,122
415,RAB10,P61026,ENSG00000084733,141
416,RAB11A,P62491,ENSG00000103769,163
417,RAB11B,Q15907,ENSG00000185236,163
419,RAB13,P51153,ENSG00000143545,108
420,RAB14,P61106,ENSG00000119396,104
421,RAB18,Q9NP72,ENSG00000099246,140
422,RAB1A,P62820,ENSG00000138069,22
423,RAB1B,Q9H0U4,ENSG00000174903,22
425,RAB23,Q9ULC3,ENSG00000112210,25
426,RAB24,Q969Q5,ENSG00000169228,100
428,RAB29,O14966,ENSG00000117280,100
429,RAB2A,P61019,ENSG00000104388,104
430,RAB2B,Q8WUD1,ENSG00000129472,78
433,RAB35,Q15286,ENSG00000111737,54
434,RAB3D,O95716,ENSG00000105514,78
435,RAB3GAP2,Q9H2M9,ENSG00000118873,81
438,RAB5A,P20339,ENSG00000144566,20
439,RAB5B,P61020,ENSG00000111540,122
440,RAB6B,Q9NRW1,ENSG00000154917,43
441,RAB7A,P51149,ENSG00000075785,96
442,RAB8B,Q92930,ENSG00000166128,108
443,RAB9A,P51151,ENSG00000123595,78
444,RABAC1,Q9UI14,ENSG00000105404,22
445,RABEP1,Q15276,ENSG00000029725,72
446,RABEPK,Q7Z6M1,ENSG00000136933,19
447,RABGAP1,Q9Y3P9,ENSG00000011454,179
448,RABGAP1L,Q5R372,ENSG00000152061,179
449,RABGGTA,Q92696,ENSG00000100949,120
450,RABGGTB,P53611,ENSG00000137955,10
451,RABIF,P47224,ENSG00000183155,89
452,RABL3,Q5HYI8,ENSG00000144840,99
453,RHEB,Q15382,ENSG00000106615,93
454,RTN4,Q9NQC3,ENSG00000115310,145
456,SEC61B,P60468,ENSG00000106803,9
458,SPTLC1,O15269,ENSG00000090054,128
460,VAPA,Q9P0L0,ENSG00000101558,104
461,VAPB,O95292,ENSG00000124164,104
462,YWHAB,P31946,ENSG00000166913,27
463,YWHAE,P62258,ENSG00000108953,27
464,YWHAG,P61981,ENSG00000170027,27
465,YWHAH,Q04917,ENSG00000128245,27
466,YWHAQ,P27348,ENSG00000134308,27
467,YWHAZ,P63104,ENSG00000164924,27
468,TRAPPC1,Q9Y5R8,ENSG00000170043,141
469,MIS12,Q9H081,ENSG00000167842,111
471,TRAPPC11,Q7Z392,ENSG00000168538,72
473,TRAPPC2,P0DI81,ENSG00000196459,29
479,KRAS,P01116,ENSG00000133703,25
483,ARL1,P40616,ENSG00000120805,43
485,ARL13B,Q3SXY8,ENSG00000169379,8
490,ARL2,P36404,ENSG00000213465,69
491,ARL3,P36405,ENSG00000138175,150
495,ARL8A,Q96BM9,ENSG00000143862,45
496,ARL8B,Q9NVJ2,ENSG00000134108,96
498,ARL6,Q9H0F7,ENSG00000113966,45
499,ARL14EP,Q8N8R7,ENSG00000152219,55
500,ARL2BP,Q9Y2Y0,ENSG00000102931,63
501,ARL6IP4,Q66PJ3,ENSG00000182196,97
502,ARL6IP5,O75915,ENSG00000144746,75
503,ARL6IP6,Q8N6S5,ENSG00000177917,55
504,APPL1,Q9UKG1,ENSG00000157500,139
505,ACTR2,P61160,ENSG00000138071,113
508,ARPC3,O15145,ENSG00000111229,113
509,BCAR1,P56945,ENSG00000285460,2
510,BIN1,O00499,ENSG00000136717,13
512,CALM2,P0DP24,ENSG00000143933,158
513,CALM3,P0DP25,ENSG00000160014,158
514,CDC42,P60953,ENSG00000070831,174
518,CHEK1,O14757,ENSG00000149554,74
519,CORO1B,Q9BR76,ENSG00000172725,113
520,CORO1C,Q9ULV4,ENSG00000110880,113
521,CTTN,Q14247,ENSG00000288401,113
522,DBNL,Q9UJU6,ENSG00000136279,121
523,DNM1,Q05193,ENSG00000106976,59
524,DNM2,P50570,ENSG00000079805,139
525,EPN1,Q9Y6I3,ENSG00000063245,118
526,EPN2,O95208,ENSG00000072134,29
527,EPS15,P42566,ENSG00000085832,117
528,FNBP1,Q96RU3,ENSG00000187239,13
529,GAK,O14976,ENSG00000178950,72
530,GRB2,P62993,ENSG00000177885,98
531,HIP1,O00291,ENSG00000127946,72
533,EEA1,Q15075,ENSG00000102189,40
534,MAP4K4,O95819,ENSG00000071054,13
535,MYO1E,Q12965,ENSG00000157483,76
536,NCK1,P16333,ENSG00000158092,13
537,NCKAP1,Q9Y2A7,ENSG00000061676,118
538,NECAP1,Q8NC96,ENSG00000089818,77
539,NECAP2,Q9NVZ3,ENSG00000157191,77
540,PACSIN2,Q9UNF0,ENSG00000100266,87
541,PAK1,Q13153,ENSG00000149269,13
542,PAK2,Q13177,ENSG00000180370,103
543,PICALM,Q13492,ENSG00000073921,117
545,PXN,P49023,ENSG00000089159,13
546,SNX9,Q9Y5X1,ENSG00000130340,87
549,WASF1,Q92558,ENSG00000112290,76
550,WASF2,Q9Y6W5,ENSG00000158195,110
551,WIPF2,Q8TF74,ENSG00000171475,13
552,WWOX,Q9NZC7,ENSG00000186153,161
553,RBSN,Q9H1K0,ENSG00000131381,33
556,ARHGAP21,Q5T5U3,ENSG00000107863,6
558,ARHGAP35,Q9NRY4,ENSG00000160007,59
560,ARHGAP8,P85298,ENSG00000241484,6
561,CHN1,P15882,ENSG00000128656,73
563,DEPDC1B,Q8WUY9,ENSG00000035499,6
565,MYO9A,B2RTY4,ENSG00000066933,6
566,ARHGEF12,Q9NZN5,ENSG00000196914,59
567,ARHGEF18,Q6ZSZ5,ENSG00000104880,51
573,DOCK7,Q96N67,ENSG00000116641,116
575,ECT2,Q9H8V3,ENSG00000114346,92
576,FARP1,Q9Y4F1,ENSG00000152767,23
578,ITSN1,Q15811,ENSG00000205726,117
579,ITSN2,Q9NZM3,ENSG00000198399,117
580,NET1,Q7Z628,ENSG00000173848,170
583,TIAM1,Q13009,ENSG00000156299,59
585,RHOB,P62745,ENSG00000143878,25
587,RHOC,P08134,ENSG00000155366,10
588,RND3,P61587,ENSG00000115963,82
590,ARHGAP1,Q07960,ENSG00000175220,141
591,ARHGAP11A,Q6P4F7,ENSG00000275568,85
592,ARHGAP17,Q68EM7,ENSG00000140750,29
595,MYO9B,Q13459,ENSG00000099331,59
596,PIK3R1,P27986,ENSG00000145675,109
598,RALBP1,Q15311,ENSG00000017797,72
599,AKAP13,Q12802,ENSG00000170776,2
602,ARHGEF7,Q14155,ENSG00000102606,87
603,DOCK11,Q5JSL3,ENSG00000147251,59
604,SOS1,Q07889,ENSG00000115904,51
605,ABR,Q12979,ENSG00000278741,51
607,RAC1,P63000,ENSG00000136238,54
608,RAC3,P60763,ENSG00000169750,174
609,RHOA,P61586,ENSG00000067560,134
611,RHOG,P84095,ENSG00000177105,108
613,MYL12B,O14950,ENSG00000118680,16
614,VASP,P50552,ENSG00000125753,29
615,DIAPH1,O60610,ENSG00000131504,4
618,AKT1,P31749,ENSG00000142208,45
619,PFN1,P07737,ENSG00000108518,67
621,CAPZB,P47756,ENSG00000077549,139
622,VCL,P18206,ENSG00000035403,27
623,UTRN,P46939,ENSG00000152818,86
624,CLIP1,P30622,ENSG00000130779,157
650,AGAP1,Q9UPQ3,ENSG00000157985,6
651,AGAP3,Q96P47,ENSG00000133612,77
653,ARF1,P84077,ENSG00000143761,43
654,ARF3,P61204,ENSG00000134287,146
655,ARF4,P18085,ENSG00000168374,49
656,ARF5,P84085,ENSG00000004059,49
657,ARF6,P62330,ENSG00000165527,54
658,ARFGAP2,Q8N6H7,ENSG00000149182,22
659,ARFGAP3,Q9NP61,ENSG00000242247,22
660,ARFGEF2,Q9Y6D5,ENSG00000124198,20
661,GBF1,Q92538,ENSG00000107862,61
662,FNBP1L,Q5T0N5,ENSG00000137942,166
663,PACSIN3,Q9UKS6,ENSG00000165912,86
664,FCHSD2,O94868,ENSG00000137478,37
665,BAIAP2,Q9UQB8,ENSG00000175866,118
666,BAIAP2L1,Q9UHR4,ENSG00000006453,118
668,BIN3,Q9NQY0,ENSG00000147439,2
669,SH3GL1,Q99961,ENSG00000141985,139
670,SH3GLB1,Q9Y371,ENSG00000097033,157
671,SH3GLB2,Q9NR46,ENSG00000148341,81
672,APPL2,Q8NEU8,ENSG00000136044,166
674,ACAP2,Q15057,ENSG00000114331,76
675,ACAP3,Q96P50,ENSG00000131584,6
677,ARFIP1,P53367,ENSG00000164144,101
678,SNX1,Q13596,ENSG00000028528,40
679,SNX2,O60749,ENSG00000205302,40
680,SNX3,O60493,ENSG00000112335,40
681,SNX4,O95219,ENSG00000114520,40
682,SNX5,Q9Y5X3,ENSG00000089006,40
684,SNX7,Q9UNH6,ENSG00000162627,20
685,APC,P25054,ENSG00000134982,37
686,SNX11,Q9Y5W9,ENSG00000002919,176
687,SNX12,Q9UMY4,ENSG00000147164,40
691,SNX17,Q15036,ENSG00000115234,29
693,SNX27,Q96L92,ENSG00000143376,40
696,POLR2A,P24928,ENSG00000284832,84
697,POLR2B,P30876,ENSG00000047315,84
698,POLR2C,P19387,ENSG00000102978,84
699,POLR2D,O15514,ENSG00000144231,64
700,POLR2E,P19388,ENSG00000099817,50
701,POLR2F,P61218,ENSG00000100142,50
702,POLR2G,P62487,ENSG00000168002,84
703,POLR2H,P52434,ENSG00000163882,50
704,POLR2I,P36954,ENSG00000105258,84
705,POLR2J,P52435,ENSG00000005075,84
707,POLR2K,P53803,ENSG00000147669,50
709,POLR3A,O14802,ENSG00000148606,149
710,POLR3B,Q9NW08,ENSG00000013503,149
711,POLR3C,Q9BUI4,ENSG00000186141,11
712,POLR3D,P05423,ENSG00000168495,153
713,POLR3E,Q9NVU0,ENSG00000058600,149
714,POLR3F,Q9H1D9,ENSG00000132664,149
715,POLR3G,O15318,ENSG00000113356,181
716,POLR3GL,Q9BT43,ENSG00000121851,181
717,POLR3H,Q9Y535,ENSG00000100413,149
719,MKI67,P46013,ENSG00000148773,44
721,NIFK,Q9BYG3,ENSG00000155438,21
723,TUBG1,P23258,ENSG00000131462,28
724,GJA1,P17302,ENSG00000152661,58
727,KRT18,P05783,ENSG00000111057,140
728,SEPTIN2,Q15019,ENSG00000168385,16
729,SEPTIN7,Q16181,ENSG00000122545,16
730,SEPTIN9,Q9UHD8,ENSG00000282302,16
731,SEPTIN11,Q9NVA2,ENSG00000138758,16
732,SEPTIN8,Q92599,ENSG00000164402,116
736,TJP1,Q07157,ENSG00000277401,58
737,TJP2,Q9UDY2,ENSG00000119139,58
738,EIF2AK2,P19525,ENSG00000055332,14
740,PKMYT1,Q99640,ENSG00000127564,75
741,CTNNB1,P35222,ENSG00000168036,86
744,YKT6,O15498,ENSG00000106636,150
745,NAPA,P54920,ENSG00000105402,146
746,BET1,O15155,ENSG00000105829,99
747,VAMP2,P63027,ENSG00000220205,68
748,SEC22B,O75396,ENSG00000265808,53
749,BET1L,Q9NYM9,ENSG00000177951,32
750,GOSR2,O14653,ENSG00000108433,99
751,STX3,Q13277,ENSG00000166900,25
752,BNIP1,Q12981,ENSG00000113734,128
753,GOSR1,O95249,ENSG00000108587,99
755,STX8,Q9UNK0,ENSG00000170310,32
756,STX5,Q13190,ENSG00000162236,101
757,VTI1B,Q9UEU0,ENSG00000100568,32
758,STX18,Q9P2W9,ENSG00000168818,128
759,VTI1A,Q96AJ9,ENSG00000151532,68
760,STX10,O60499,ENSG00000104915,99
761,STX6,O43752,ENSG00000135823,99
762,SCFD1,Q8WVM8,ENSG00000092108,43
763,VAMP8,Q9BV40,ENSG00000118640,68
764,STX16,O14662,ENSG00000124222,68
765,STX7,O15400,ENSG00000079950,32
766,NAPG,Q9BXF6,ENSG00000135631,77
768,STX2,P32856,ENSG00000111450,25
771,VAMP4,O75379,ENSG00000117533,32
772,CHMP1A,Q9HD42,ENSG00000131165,148
773,CHMP2A,O43633,ENSG00000130724,115
774,CHMP2B,Q9UQN3,ENSG00000083937,177
775,CHMP4A,Q9BY43,ENSG00000285302,147
776,CHMP4B,Q9H444,ENSG00000101421,58
779,CHMP7,Q8WUX9,ENSG00000147457,108
780,HGS,O14964,ENSG00000185359,40
781,IST1,P53990,ENSG00000182149,87
782,MVB12A,Q96EY5,ENSG00000141971,87
783,SNF8,Q96H20,ENSG00000159210,10
784,SPAST,Q9UBP0,ENSG00000021574,147
785,STAM,Q92783,ENSG00000136738,71
786,STAM2,O75886,ENSG00000115145,71
787,TSG101,Q99816,ENSG00000074319,151
788,VPS25,Q9BRG1,ENSG00000131475,10
789,VPS28,Q9UK41,ENSG00000160948,13
790,VPS36,Q86VN1,ENSG00000136100,69
791,VPS37B,Q9H9H4,ENSG00000139722,168
796,GOLGA2,Q08379,ENSG00000167110,130
797,PFDN6,O15212,ENSG00000206283,93
798,PHF10,Q8WUB8,ENSG00000130024,15
799,CCAR1,Q8IX12,ENSG00000060339,133
800,ARFIP2,P53365,ENSG00000132254,161
801,TATDN3,Q17R31,ENSG00000203705,69
802,MSH6,P52701,ENSG00000116062,65
803,ARFGEF1,Q9Y6D6,ENSG00000066777,72
804,USP1,O94782,ENSG00000162607,11
805,TMEM87A,Q8NBN3,ENSG00000103978,160
806,LARP7,Q4G0J3,ENSG00000174720,15
809,ZNF326,Q5BKZ1,ENSG00000162664,159
810,LIG1,Q96JA1,ENSG00000144749,55
813,MAN1A2,O60476,ENSG00000198162,79
816,GPR107,Q5VW38,ENSG00000148358,160
817,SYAP1,Q96A49,ENSG00000169895,61
818,MFN1,Q8IWA4,ENSG00000171109,131
820,TOMM20,Q15388,ENSG00000173726,131
821,TOMM70,O94826,ENSG00000154174,131
825,TUBA1B,P68363,ENSG00000123416,39
826,TUBB4B,P68371,ENSG00000188229,52
828,MAP4,P27816,ENSG00000047849,145
830,EDC4,Q6P2E9,ENSG00000038358,83
831,SEC16A,O15027,ENSG00000148396,143
832,CLINT1,Q14677,ENSG00000113282,121
833,EDC3,Q96F86,ENSG00000179151,138
835,DCP1B,Q8IZD4,ENSG00000284850,83
836,DCP2,Q8IU60,ENSG00000172795,83
837,DCP1A,Q9NPI6,ENSG00000272886,83
838,VIM,P08670,ENSG00000026025,140
839,LNPK,Q9C0E8,ENSG00000144320,60
840,POLR1A,O95602,ENSG00000068654,18
841,POLR1B,Q9H9Y6,ENSG00000125630,18
842,POLR1D,P0DPB6,ENSG00000186184,50
843,POLR1C,O15160,ENSG00000171453,50
844,POLR1E,Q9GZS1,ENSG00000137054,106
845,POLR1F,Q3B726,ENSG00000105849,18
846,UBTF,P17480,ENSG00000108312,50
847,TBP,P20226,ENSG00000112592,159
851,TAF1D,Q9H5J8,ENSG00000166012,175
852,TAF12,Q16514,ENSG00000120656,15
854,CSNK2A2,P19784,ENSG00000070770,155
855,CSNK2A1,P68400,ENSG00000101266,155
856,TOP2A,P11388,ENSG00000131747,94
857,FBL,P22087,ENSG00000105202,3
858,NOP58,Q9Y2X3,ENSG00000055044,3
859,NPM1,P06748,ENSG00000181163,3
860,NPM3,O75607,ENSG00000107833,3
861,RRP1,P56182,ENSG00000160214,3
862,RPL35,P42766,ENSG00000136942,0
863,RPL10A,P62906,ENSG00000198755,0
866,RPS14,P62263,ENSG00000164587,0
867,RPS11,P62280,ENSG00000142534,0
868,COIL,P38432,ENSG00000121058,48
870,GOLGA7,Q7Z5G4,ENSG00000147533,23
872,ATP1A1,P05023,ENSG00000163399,34
873,EZR,P15311,ENSG00000092820,52
874,CD151,P48509,ENSG00000177697,34
875,CDH2,P19022,ENSG00000170558,86
876,ATP2B1,P20020,ENSG00000070961,25
878,IGF1R,P08069,ENSG00000140443,23
882,TFRC,P02786,ENSG00000072274,54
884,ALCAM,Q13740,ENSG00000170017,140
885,ZYX,Q15942,ENSG00000159840,58
886,MSN,P26038,ENSG00000147065,39
887,KIAA0319L,Q8IZA0,ENSG00000142687,160
888,LAMP1,P11279,ENSG00000185896,126
889,LAMP2,P13473,ENSG00000005893,126
890,LMNA,P02545,ENSG00000160789,171
892,LMNB1,P20700,ENSG00000113368,171
893,SLC25A17,O43808,ENSG00000100372,18
894,SEC23A,Q15436,ENSG00000100934,143
895,SEC23B,Q15437,ENSG00000101310,143
896,YIPF5,Q969M3,ENSG00000145817,104
899,SEC24C,P53992,ENSG00000176986,148
901,SEC31A,O94979,ENSG00000138674,143
903,SEC13,P55735,ENSG00000157020,148
904,SAR1A,Q9NR31,ENSG00000079332,78
905,SAR1B,Q9Y6B6,ENSG00000152700,78
906,TMED10,P49755,ENSG00000170348,104
907,TMED2,Q15363,ENSG00000086598,121
908,MYBBP1A,Q9BQG0,ENSG00000132382,3
909,COPA,P53621,ENSG00000122218,101
910,COPE,O14579,ENSG00000105669,101
911,COPG1,Q9Y678,ENSG00000181789,22
912,PIN4,Q9Y237,ENSG00000102309,45
914,COPZ1,P61923,ENSG00000111481,22
915,COPB2,P35606,ENSG00000184432,101
916,COPG2,Q9UBF2,ENSG00000158623,22
922,ARFGAP1,Q8N6T3,ENSG00000101199,61
923,LMAN1,P49257,ENSG00000074695,99
925,CENPA,P49450,ENSG00000115163,18
926,CENPM,Q9NSP4,ENSG00000100162,18
927,CENPW,Q5EE01,ENSG00000203760,18
928,MAPRE1,Q15691,ENSG00000101367,27
929,PCNA,P12004,ENSG00000132646,47
930,CCNB1,P14635,ENSG00000134057,6
931,CDK1,P06493,ENSG00000170312,90
932,TARDBP,Q13148,ENSG00000120948,95
933,PARP1,P09874,ENSG00000143799,172
934,PHGDH,O43175,ENSG00000092621,134
935,NANS,Q9NR45,ENSG00000095380,74
936,PKM,P14618,ENSG00000067225,67
937,ENO1,P06733,ENSG00000074800,67
938,GSTP1,P09211,ENSG00000084207,31
939,BLVRB,P30043,ENSG00000090013,19
940,FKBP5,Q13451,ENSG00000096060,74
941,LGALS1,P09382,ENSG00000100097,31
944,MYH9,P35579,ENSG00000100345,52
945,LDHA,P00338,ENSG00000288299,67
947,RNASEH2A,O75792,ENSG00000104889,47
948,LZTS2,Q9BRK4,ENSG00000107816,86
951,CPSF6,Q16630,ENSG00000111605,133
952,GAPDH,P04406,ENSG00000111640,67
953,NOP2,P46087,ENSG00000111641,57
954,LDHB,P07195,ENSG00000111716,67
957,ALG2,Q9H553,ENSG00000119523,75
958,CALD1,Q05682,ENSG00000122786,16
959,ASS1,P00966,ENSG00000130707,107
960,AKAP12,Q02952,ENSG00000131016,163
961,C9orf78,Q9NZ63,ENSG00000136819,137
962,ESD,P10768,ENSG00000139684,31
965,HOMER1,Q86YM7,ENSG00000152413,147
967,HEATR3,Q7Z4Q2,ENSG00000155393,74
968,RER1,O15258,ENSG00000157916,101
970,ABCE1,P61221,ENSG00000164163,39
973,PAIP1,Q9H074,ENSG00000172239,118
974,EIF3K,Q9UBQ5,ENSG00000178982,14
975,H1-0,P07305,ENSG00000189060,94
976,S100A10,P60903,ENSG00000197747,52
978,G6PD,P11413,ENSG00000160211,139
980,ALDH16A1,Q8IZ83,ENSG00000161618,140
982,ALDH9A1,P49189,ENSG00000143149,107
984,NCOA1,Q15788,ENSG00000084676,135
988,RPS16,P62249,ENSG00000105193,0
989,EWSR1,Q01844,ENSG00000182944,156
992,DDX5,P17844,ENSG00000108654,30
994,PDCD6,O75340,ENSG00000249915,136
996,CAD,P27708,ENSG00000084774,39
997,MIF,P14174,ENSG00000240972,31
999,TDP1,Q9NUW8,ENSG00000042088,11
1001,MRTO4,Q9UKD2,ENSG00000053372,57
1002,PSPC1,Q8WXF1,ENSG00000121390,48
1004,TOP1,P11387,ENSG00000198900,94
1005,LAMTOR2,Q9Y2Q5,ENSG00000116586,126
1006,WDR3,Q9UNX4,ENSG00000065183,21
1007,SMARCA5,O60264,ENSG00000153147,5
1008,ECPAS,Q5VYK3,ENSG00000136813,107
1009,WBP2,Q969T9,ENSG00000132471,146
1010,CERS6,Q6ZMG9,ENSG00000172292,112
1011,RPAP2,Q8IXW5,ENSG00000122484,2
1013,DBNDD1,Q9H9R9,ENSG00000003249,2
1015,CLNS1A,P54105,ENSG00000074201,127
1019,HNRNPA0,Q13151,ENSG00000177733,114
1021,CSK,P41240,ENSG00000103653,4
1022,DNTTIP1,Q9H147,ENSG00000101457,102
1024,FAU,P62861,ENSG00000149806,0
1025,CTNNBL1,Q8WYA6,ENSG00000132792,178
1028,RPL5,P46777,ENSG00000122406,180
1029,RPL11,P62913,ENSG00000142676,180
1030,NCL,P19338,ENSG00000115053,3
1031,UBA52,P62987,ENSG00000221983,146
1033,SRP9,P49458,ENSG00000143742,129
1034,SMC1A,Q14683,ENSG00000072501,102
1035,NHP2,Q9NX24,ENSG00000145912,106
1036,H2BC21,Q16778,ENSG00000184678,94
1037,HNRNPL,P14866,ENSG00000282947,48
1038,GLUL,P15104,ENSG00000135821,134
1039,ILF3,Q12906,ENSG00000129351,137
1040,SSRP1,Q08945,ENSG00000149136,48
1041,SSB,P05455,ENSG00000138385,56
1042,CDKN2A,P42771,ENSG00000147889,98
1043,GNL3,Q9BVP2,ENSG00000163938,57
1044,RSL1D1,O76021,ENSG00000171490,57
1045,DHX9,Q08211,ENSG00000135829,95
1046,NOP10,Q9NPE3,ENSG00000182117,106
1047,XPO1,O14980,ENSG00000082898,38
1048,DDB1,Q16531,ENSG00000167986,74
1049,DKC1,O60832,ENSG00000130826,106
1050,AAMP,Q13685,ENSG00000127837,4
1051,DDX21,Q9NR30,ENSG00000165732,3
1052,CSNK2B,P67870,ENSG00000232960,136
1053,SNU13,P55769,ENSG00000100138,3
1054,PES1,O00541,ENSG00000100029,3
1055,SUPT16H,Q9Y5B9,ENSG00000092201,111
1056,NOP53,Q9NZM5,ENSG00000105373,35
1057,EBNA1BP2,Q99848,ENSG00000117395,3
1059,BUD23,O43709,ENSG00000071462,92
1060,BLM,P54132,ENSG00000197299,44
1061,BOP1,Q14137,ENSG00000285301,35
1062,NOL11,Q9H8H0,ENSG00000130935,21
1063,SRP68,Q9UHB9,ENSG00000167881,14
1064,DDX56,Q9NY93,ENSG00000136271,129
1065,GTPBP4,Q9BZE4,ENSG00000107937,57
1066,TCOF1,Q13428,ENSG00000070814,106
1067,IMP3,Q9NV31,ENSG00000177971,21
1068,LTV1,Q96GA3,ENSG00000135521,81
1070,GNL2,Q13823,ENSG00000134697,57
1071,GAR1,Q9NY12,ENSG00000109534,106
1073,UTP6,Q9NYH9,ENSG00000108651,35
1074,WDR12,Q9GZL7,ENSG00000138442,3
1075,SUPT5H,O00267,ENSG00000196235,133
1078,RBM28,Q9NW13,ENSG00000106344,57
1079,UTP4,Q969X6,ENSG00000262788,50
1080,TSR1,Q2NL82,ENSG00000167721,44
1082,BYSL,Q13895,ENSG00000112578,129
1083,AATF,Q9NY61,ENSG00000275700,21
1085,DDX47,Q9H0S4,ENSG00000213782,21
1086,WDR46,O15213,ENSG00000227057,21
1087,YY1,P25490,ENSG00000100811,102
1089,UTP14A,Q9BVJ6,ENSG00000156697,129
1090,TMA16,Q96EY4,ENSG00000198498,44
1092,EMG1,Q92979,ENSG00000126749,3
1094,ANXA11,P50995,ENSG00000122359,136
1095,NVL,O15381,ENSG00000143748,44
1096,TSR2,Q969E8,ENSG00000158526,63
1098,PDCD11,Q14690,ENSG00000148843,35
1099,MAPK9,P45984,ENSG00000050748,63
1100,NUMA1,Q14980,ENSG00000137497,133
1101,CBX1,P83916,ENSG00000108468,172
1102,WDR75,Q8IWA0,ENSG00000115368,57
1103,NMD3,Q96D46,ENSG00000169251,129
1104,NEPRO,Q6NW34,ENSG00000163608,92
1105,SRP54,P61011,ENSG00000100883,128
1106,DHX37,Q8IY37,ENSG00000150990,144
1108,SPOUT1,Q5T280,ENSG00000198917,144
1109,SMN1,Q16637,ENSG00000273772,17
1111,USP36,Q9P275,ENSG00000055483,35
1112,NOL10,Q9BSC4,ENSG00000115761,21
1114,NAF1,Q96HR8,ENSG00000145414,15
1115,ZCCHC9,Q8N567,ENSG00000131732,144
1117,NOM1,Q5C9Z4,ENSG00000146909,35
1118,MPHOSPH10,O00566,ENSG00000124383,21
1119,BMS1,Q14692,ENSG00000165733,35
1124,AKT2,P31751,ENSG00000105221,115
1126,ARAF,P10398,ENSG00000078061,2
1127,ATM,Q13315,ENSG00000149311,135
1129,AURKB,Q96GD4,ENSG00000178999,55
1130,BAZ1A,Q9NRL2,ENSG00000198604,5
1131,BAZ1B,Q9UIG0,ENSG00000009954,5
1132,BLVRA,P53004,ENSG00000106605,89
1133,BRD2,P25440,ENSG00000235307,91
1134,BRD3,Q15059,ENSG00000169925,91
1135,BRD4,O60885,ENSG00000141867,153
1136,BUB1,O43683,ENSG00000169679,165
1137,CAMK1,Q14012,ENSG00000134072,120
1138,CAMK2G,Q13555,ENSG00000148660,82
1141,CDC42BPB,Q9Y5S2,ENSG00000198752,116
1142,CDC7,O00311,ENSG00000097046,91
1144,CDK11B,P21127,ENSG00000248333,97
1145,CDK12,Q9NYV4,ENSG00000167258,97
1146,CDK13,Q14004,ENSG00000065883,64
1148,CDK2,P24941,ENSG00000123374,153
1149,CDK4,P11802,ENSG00000135446,98
1151,CDK7,P50613,ENSG00000134058,91
1152,CDK9,P50750,ENSG00000136807,159
1153,CHEK2,O96017,ENSG00000183765,11
1156,CLK2,P49760,ENSG00000176444,85
1157,CLK3,P49761,ENSG00000179335,97
1161,CSNK1A1,P48729,ENSG00000113712,158
1162,CSNK1D,P48730,ENSG00000141551,90
1163,CSNK1E,P49674,ENSG00000213923,90
1165,CSNK1G3,Q9Y6M4,ENSG00000151292,118
1166,DAPK3,O43293,ENSG00000167657,109
1172,RACK1,P63244,ENSG00000204628,0
1175,ACTG1,P63261,ENSG00000184009,16
1179,FYN,P06241,ENSG00000010810,23
1182,GSK3A,P49840,ENSG00000105723,164
1183,GSK3B,P49841,ENSG00000082701,164
1186,IKBKB,O14920,ENSG00000104365,51
1187,ILK,Q13418,ENSG00000166333,13
1188,IRAK1,P51617,ENSG00000184216,76
1190,LIMK2,P53671,ENSG00000182541,51
1191,MAP2K1,Q02750,ENSG00000169032,4
1192,MAP2K2,P36507,ENSG00000126934,4
1193,MAP2K3,P46734,ENSG00000034152,45
1194,MAP2K7,O14733,ENSG00000076984,45
1199,MAP3K7,O43318,ENSG00000135341,76
1203,MAPK14,Q16539,ENSG00000112062,63
1204,MAPK3,P27361,ENSG00000102882,69
1207,MAPK8,P45983,ENSG00000107643,63
1209,MAPKAPK2,P49137,ENSG00000162889,28
1210,MAPKAPK3,Q16644,ENSG00000114738,63
1212,AGO1,Q9UL18,ENSG00000092847,167
1213,AGO2,Q9UKV8,ENSG00000123908,17
1216,MARK2,Q7KZI7,ENSG00000072518,25
1217,MARK3,P27448,ENSG00000075413,174
1220,MELK,Q14680,ENSG00000165304,73
1221,MINK1,Q8N4C8,ENSG00000141503,6
1222,MKNK1,Q9BUB5,ENSG00000079277,51
1223,MKNK2,Q9HBH9,ENSG00000099875,63
1227,NEK9,Q8TD19,ENSG00000119638,132
1228,NRBP1,Q9UHY1,ENSG00000115216,132
1229,OXSR1,O95747,ENSG00000172939,93
1230,PAK4,O96013,ENSG00000130669,4
1231,PASK,Q96RG2,ENSG00000115687,120
1232,PBK,Q96KB5,55872,89
1233,STRN3,Q13033,ENSG00000196792,116
1234,PDPK1,O15530,ENSG00000140992,59
1235,PHKG2,P15735,ENSG00000156873,132
1239,PKN1,Q16512,ENSG00000123143,4
1240,PKN2,Q16513,ENSG00000065243,141
1242,PLK1,P53350,ENSG00000166851,136
1244,PRKAA1,Q13131,ENSG00000132356,51
1245,PRKACA,P17612,ENSG00000072062,61
1246,PRKCD,Q05655,ENSG00000163932,73
1247,PRKCI,P41743,ENSG00000163558,69
1249,PRKD2,Q9BZL6,ENSG00000105287,120
1251,PRKDC,P78527,ENSG00000253729,15
1252,PRPF4B,Q13523,ENSG00000112739,36
1253,PTK2,Q05397,ENSG00000169398,29
1254,PTK7,Q13308,ENSG00000112655,46
1255,RAF1,P04049,ENSG00000132155,2
1256,RIOK1,Q9BRS2,ENSG00000124784,10
1257,RIOK2,Q9BVS4,ENSG00000058729,4
1258,RIOK3,O14730,ENSG00000101782,4
1259,ROCK1,Q13464,ENSG00000067900,116
1262,RPS6KA3,P51812,ENSG00000177189,77
1263,PTMA,P06454,ENSG00000187514,56
1264,RPS6KA4,O75676,ENSG00000162302,11
1265,TPT1,P13693,ENSG00000133112,123
1266,RPS6KB1,P23443,ENSG00000108443,19
1269,SCYL1,Q96KG9,ENSG00000142186,103
1270,SCYL2,Q6P3W7,ENSG00000136021,72
1271,SLK,Q9H2G2,ENSG00000065613,110
1274,SRPK2,P78362,ENSG00000135250,105
1275,STK11,Q15831,ENSG00000118046,59
1277,STK24,Q9Y6E0,ENSG00000102572,82
1278,STK25,O00506,ENSG00000115694,28
1279,STK26,Q9P289,ENSG00000134602,103
1281,STK38L,Q9Y2H1,ENSG00000211455,73
1282,STK4,Q13043,ENSG00000101109,110
1287,TAOK1,Q7L7X3,ENSG00000160551,76
1288,TAOK2,Q9UL54,ENSG00000149930,6
1290,TLK2,Q86UE8,ENSG00000146872,156
1291,TRIM24,O15164,ENSG00000122779,47
1292,TRIM28,Q13263,ENSG00000130726,114
1293,TRIM33,Q9UPN9,ENSG00000197323,156
1294,TRRAP,Q9Y4A5,ENSG00000196367,15
1295,TTK,P33981,ENSG00000112742,28
1300,ULK1,O75385,ENSG00000177169,152
1301,ULK3,Q6PHR2,ENSG00000140474,138
1302,VRK2,Q86Y07,ENSG00000028116,75
1303,VRK3,Q8IV63,ENSG00000105053,115
1305,WNK1,Q9H4A3,ENSG00000060237,81
1307,YES1,P07947,ENSG00000176105,25
1310,SLC11A2,P49281,ENSG00000110911,62
1312,SLC16A1,P53985,ENSG00000281917,54
1313,SLC16A10,Q8TF71,ENSG00000112394,23
1314,SLC16A2,P36021,ENSG00000147100,34
1315,SLC18B1,Q6NT16,ENSG00000146409,62
1316,SLC19A1,P41440,ENSG00000173638,34
1317,SLC1A3,P43003,ENSG00000079215,34
1318,SLC1A5,Q15758,ENSG00000105281,54
1321,SLC26A6,Q9BXS9,ENSG00000225697,23
1322,SLC27A4,Q6P1M0,ENSG00000167114,100
1326,SLC2A1,P11166,ENSG00000117394,96
1328,SLC2A8,Q9NY64,ENSG00000136856,62
1329,SLC30A5,Q8TAD4,ENSG00000145740,161
1331,SLC31A1,O15431,ENSG00000136868,96
1332,SLC33A1,O00400,ENSG00000169359,100
1337,SLC35B1,P78383,ENSG00000121073,43
1339,SLC35B4,Q969S0,ENSG00000205060,161
1341,SLC35E1,Q96K37,ENSG00000127526,130
1343,SLC35F2,Q8IXU6,ENSG00000110660,160
1346,SLC37A3,Q8NCC5,ENSG00000157800,79
1347,SLC37A4,O43826,ENSG00000281500,130
1365,SLC44A2,Q8IWA5,ENSG00000129353,37
1370,SLC5A6,Q9Y289,ENSG00000138074,46
1371,SLC6A15,Q9H2J7,ENSG00000072041,68
1373,SLC7A5,Q01650,ENSG00000103257,46
1374,SLC7A6,Q92536,ENSG00000103064,46
1375,SLC9A3R1,O14745,ENSG00000109062,72
1376,SLC9A3R2,Q15599,ENSG00000065054,37
1377,SLC23A2,Q9UGH3,ENSG00000089057,34
1380,SLC46A1,Q96NT5,ENSG00000076351,46
1382,SLC15A4,Q8N697,ENSG00000139370,62
1384,ANKRD10,Q9NXR5,ENSG00000088448,11
1385,ANKRD11,Q6UB99,ENSG00000167522,64
1386,ANKRD17,O75179,ENSG00000132466,105
1389,ANKRD40,Q6AI12,ENSG00000154945,22
1391,ANKRD52,Q8NB46,ENSG00000139645,151
1392,ANKRD28,O15084,ENSG00000206560,81
1394,ANKRD46,Q86W74,ENSG00000186106,49
1396,ANKRD13A,Q8IZ07,ENSG00000076513,168
1398,ANKZF1,Q9H8Y5,ENSG00000163516,105
1399,ANKRD27,Q96NW4,ENSG00000105186,33
1401,ANKRD39,Q53RE8,ENSG00000213337,19
1406,DYNC1I2,Q13409,ENSG00000077380,52
1407,DYNC1LI1,Q9Y6G9,ENSG00000144635,27
1408,DYNC1LI2,O43237,ENSG00000135720,177
1410,DYNC2LI1,Q8TCX1,ENSG00000138036,177
1411,DYNLL1,P63167,ENSG00000088986,155
1412,DYNLL2,Q96FJ2,ENSG00000264364,155
1413,KIF11,P52732,ENSG00000138160,132
1415,KIF1B,O60333,ENSG00000054523,2
1416,KIFBP,Q96EK5,ENSG00000198954,107
1420,KIF22,Q14807,ENSG00000079616,85
1422,KIF2A,O00139,ENSG00000068796,86
1423,KIF3A,Q9Y496,ENSG00000131437,151
1424,KIF3B,O15066,ENSG00000101350,2
1425,KIF4A,O95239,ENSG00000090889,115
1426,KIF5B,P33176,ENSG00000170759,110
1427,KIF7,Q2M1P5,ENSG00000166813,13
1428,KIFAP3,Q92845,ENSG00000075945,2
1429,KIFC1,Q9BW19,ENSG00000204197,91
1431,KLC1,Q07866,ENSG00000126214,110
1432,KLC2,Q9H0B6,ENSG00000174996,110
1434,KLC4,Q9NSK0,ENSG00000137171,76
1435,MYH10,P35580,ENSG00000133026,16
1436,MYL12A,P19105,ENSG00000101608,52
1437,MYL6,P60660,ENSG00000092841,16
1438,MYL6B,P14649,ENSG00000196465,116
1439,MYO19,Q96H55,ENSG00000278259,79
1440,MYO1B,O43795,ENSG00000128641,46
1441,MYO1C,O00159,ENSG00000197879,46
1442,MYO6,Q9UM54,ENSG00000196586,87
1443,UPF1,Q92900,ENSG00000005007,17
1444,SF3A1,Q15459,ENSG00000099995,36
1445,SF3A2,Q15428,ENSG00000104897,36
1446,SF3A3,Q12874,ENSG00000183431,36
1447,SF3B1,O75533,ENSG00000115524,12
1448,SF3B2,Q13435,ENSG00000087365,36
1449,SF3B3,Q15393,ENSG00000189091,12
1451,SF3B5,Q9BWJ5,ENSG00000169976,12
1452,SF3B6,Q9Y3B4,ENSG00000115128,12
1453,SNRPA,P09012,ENSG00000077312,162
1456,SNRPB2,P08579,ENSG00000125870,162
1457,SNRPC,P09234,ENSG00000124562,162
1459,SNRPD2,P62316,ENSG00000125743,12
1461,SNRPF,P62306,ENSG00000139343,30
1463,SNRNP40,Q96DI7,ENSG00000060688,36
1464,PRPF8,Q6P2Q9,ENSG00000274442,36
1466,PRMT9,Q6P2P2,ENSG00000164169,119
1467,RBM10,P98175,ENSG00000182872,178
1468,RBM12,Q9NTZ6,ENSG00000244462,156
1469,RBM12B,Q8IXT5,ENSG00000183808,111
1470,RBM14,Q96PK6,ENSG00000239306,95
1472,RBM15B,Q8NDT2,ENSG00000259956,159
1473,RBM17,Q96I25,ENSG00000134453,12
1475,RBM19,Q9Y4C8,ENSG00000122965,35
1476,RBM22,Q9NW64,ENSG00000086589,178
1478,RBM25,P49756,ENSG00000119707,36
1480,RBM3,P98179,ENSG00000102317,88
1481,RBM33,Q96EV2,ENSG00000184863,97
1482,RBM34,P42696,ENSG00000188739,21
1483,RBM38,Q9H0Z9,ENSG00000132819,66
1484,RBM39,Q14498,ENSG00000131051,12
1485,RBM4,Q9BWF3,ENSG00000173933,30
1486,RBM41,Q96IZ5,ENSG00000089682,135
1487,RBM42,Q9BTD8,ENSG00000126254,30
1488,VPS35,Q96QK1,ENSG00000069329,121
1489,RBM5,P52756,ENSG00000003756,12
1490,RBM6,P78332,ENSG00000004534,159
1491,RBM7,Q9Y580,ENSG00000076053,15
1492,RBM8A,Q9Y5S9,ENSG00000265241,30
1493,NONO,Q15233,ENSG00000147140,48
1494,ZCCHC7,Q8N3Z6,ENSG00000147905,92
1498,TMPO,P42167,ENSG00000120802,38
1499,HDAC1,Q13547,ENSG00000116478,5
1500,HDAC2,Q92769,ENSG00000196591,5
1501,HDAC3,O15379,ENSG00000171720,15
1502,MECP2,P51608,ENSG00000169057,5
1503,CKAP2,Q8WWK9,ENSG00000136108,163
1504,KIF2C,Q99661,ENSG00000142945,115
1505,CLASP1,Q7Z460,ENSG00000074054,157
1506,CLASP2,O75122,ENSG00000163539,61
1507,NCKAP5L,Q9HCH0,ENSG00000167566,6
1509,ATXN2L,Q8WWM7,ENSG00000168488,17
1510,RTCB,Q9Y3I0,ENSG00000100220,80
1511,CAPRIN1,Q14444,ENSG00000135387,0
1512,FAM120A,Q9NZB2,ENSG00000048828,17
1513,FXR1,P51114,ENSG00000114416,17
1514,FXR2,P51116,ENSG00000129245,17
1515,IGF2BP1,Q9NZI8,ENSG00000159217,17
1516,IGF2BP3,O00425,ENSG00000136231,17
1517,NUFIP2,Q7Z417,ENSG00000108256,17
1518,USP10,Q14694,ENSG00000103194,14
1519,MMGT1,Q8N4V1,ENSG00000169446,66
1521,REEP2,Q9BRK0,ENSG00000132563,122
1523,REEP4,Q9H6H4,ENSG00000168476,122
1524,REEP5,Q00765,ENSG00000129625,42
1525,REEP6,Q96HR9,ENSG00000115255,42
1527,LEMD2,Q8NC56,ENSG00000161904,38
1528,LEMD3,Q9Y2U8,ENSG00000174106,55
1529,BANF1,O75531,ENSG00000175334,171
1531,CKAP4,Q07065,ENSG00000136026,145
1532,CKAP5,Q14008,ENSG00000175216,157
1533,NCK2,O43639,ENSG00000071051,13
1534,CTBP1,Q13363,ENSG00000159692,15
1535,CTBP2,P56545,ENSG00000175029,5
1537,GORASP2,Q9H8Y8,ENSG00000115806,130
1538,HMGN5,P82970,ENSG00000198157,94
1541,TOR1AIP1,Q5JTV8,ENSG00000143337,55
1542,CNN2,Q99439,ENSG00000064666,52
1543,AKAP8L,Q9ULX6,ENSG00000011243,12
1544,CKB,P12277,ENSG00000166165,124
1545,DNM1L,O00429,ENSG00000087470,143
1548,SYNE3,Q6ZMZ3,ENSG00000176438,37
1550,CSE1L,P55060,ENSG00000124207,47
1551,IPO11,Q9UI26,ENSG00000086200,74
1552,IPO13,O94829,ENSG00000117408,170
1553,IPO4,Q8TEX9,ENSG00000285248,80
1554,IPO5,O00410,ENSG00000065150,124
1555,IPO7,O95373,ENSG00000205339,88
1556,IPO8,O15397,ENSG00000133704,26
1558,KPNA1,P52294,ENSG00000114030,38
1559,KPNA2,P52292,ENSG00000182481,38
1560,KPNA3,O00505,ENSG00000102753,38
1561,KPNA4,O00629,ENSG00000186432,38
1563,KPNA6,O60684,ENSG00000025800,38
1564,KPNB1,Q14974,ENSG00000108424,38
1565,NUTF2,P61970,ENSG00000102898,47
1566,NXF1,Q9UBU9,ENSG00000162231,111
1568,NXT2,Q9NPJ8,ENSG00000101888,115
1569,PHAX,Q9H814,ENSG00000164902,11
1570,RANBP10,Q6VN20,ENSG00000141084,119
1574,RANBP9,Q96S59,ENSG00000010017,119
1575,SNUPN,O95149,ENSG00000169371,77
1576,TNPO1,Q92973,ENSG00000083312,88
1578,TNPO3,Q9Y5L0,ENSG00000064419,88
1579,XPO4,Q9C0E2,ENSG00000132953,26
1580,XPO5,Q9HAV4,ENSG00000124571,74
1581,XPO6,Q96QU8,ENSG00000169180,26
1583,XPOT,O43592,ENSG00000184575,80
1586,PEX3,P56589,ENSG00000034693,18
1589,WASL,O00401,ENSG00000106299,87
1592,GYS1,P13807,ENSG00000104812,132
1593,GYG1,P46976,ENSG00000163754,39
1594,GYG2,O15488,ENSG00000056998,166
1595,SRP14,P37108,ENSG00000140319,129
1596,SRP19,P09132,ENSG00000153037,81
1597,SRP72,O76094,ENSG00000174780,14
1598,SRPRA,P08240,ENSG00000182934,9
1599,SRPRB,Q9Y5M8,ENSG00000144867,66
1603,GATAD1,Q8WUU5,ENSG00000157259,64
1607,ERI3,O43414,ENSG00000117419,93
1608,GET4,Q7L5D6,ENSG00000239857,93
1609,UGDH,O60701,ENSG00000109814,119
1610,UBE2M,P61081,ENSG00000130725,80
1612,RRP36,Q96EU6,ENSG00000124541,92
1613,PHLDB1,Q86UU1,ENSG00000019144,175
1614,PPP6R1,Q9UPN7,ENSG00000105063,168
1616,KIAA1143,Q96AT1,ENSG00000163807,56
1617,DRG1,Q9Y295,ENSG00000185721,123
1618,MFSD11,O43934,ENSG00000092931,62
1619,RANGRF,Q9HD47,ENSG00000108961,19
1623,CD2BP2,O95400,ENSG00000169217,137
1628,DPH2,Q9BQC3,ENSG00000132768,73
1640,ATP6AP2,O75787,ENSG00000182220,68
1641,ATP6V0A1,Q93050,ENSG00000033627,32
1642,ATP6V0A2,Q9Y487,ENSG00000185344,43
1643,ATP6V0D1,P61421,ENSG00000159720,32
1646,ATP6V1A,P38606,ENSG00000114573,96
1647,ATP6V1B2,P21281,ENSG00000147416,126
1650,ATP6V1F,Q16864,ENSG00000128524,89
1651,ATP6V1G1,O75348,ENSG00000136888,103
1652,ATP6V1H,Q9UI12,ENSG00000047249,164
1653,EMC3,Q9P0I2,ENSG00000125037,66
1654,GOLT1B,Q9Y3E0,ENSG00000111711,43
1656,CLCN7,P51798,ENSG00000103249,62
1657,JUN,P05412,ENSG00000177606,91
1658,MCOLN1,Q9GZU1,ENSG00000090674,62
1659,JUNB,P17275,ENSG00000171223,91
1664,TRPM7,Q96QT4,ENSG00000092439,37
1667,INO80,Q9ULG1,ENSG00000128908,64
1668,ARID1A,O14497,ENSG00000117713,102
1670,SMARCA1,P28370,ENSG00000102038,47
1672,SMARCA4,P51532,ENSG00000127616,102
1673,ATXN10,Q9UBB4,ENSG00000130638,10
1674,SMARCAD1,Q9H4L7,ENSG00000163104,5
1675,SMARCAL1,Q9NZC9,ENSG00000138375,11
1676,SMARCB1,Q12824,ENSG00000099956,5
1677,SMARCC1,Q92922,ENSG00000173473,5
1678,SMARCC2,Q8TAQ2,ENSG00000139613,5
1679,SMARCD1,Q96GM5,ENSG00000066117,102
1680,SMARCD2,Q92925,ENSG00000108604,102
1682,SMARCE1,Q969G3,ENSG00000073584,5
1683,ATXN3,P54252,ENSG00000066427,19
1687,DDX6,P26196,ENSG00000110367,83
1688,LSM14A,Q8ND56,ENSG00000262860,83
1689,LSM14B,Q9BX40,ENSG00000149657,83
1690,EIF3E,P60228,ENSG00000104408,105
1691,EIF3I,Q13347,ENSG00000084623,169
1693,RICTOR,Q6R327,ENSG00000164327,6
1695,AKT1S1,Q96B36,ENSG00000204673,120
1697,FKBP8,Q14318,ENSG00000105701,78
1698,RELA,Q04206,ENSG00000173039,4
1699,NFKB1,P19838,ENSG00000109320,151
1700,NFKB2,Q00653,ENSG00000077150,2
1703,MDH1,P40925,ENSG00000014641,124
1705,CASP2,P42575,ENSG00000106144,11
1706,CASP3,P42574,ENSG00000164305,69
1707,CASP6,P55212,ENSG00000138794,28
1708,CASP7,P55210,ENSG00000165806,69
1711,ACTN1,P12814,ENSG00000072110,16
1713,ACTN4,O43707,ENSG00000130402,16
1714,NUP98,P52948,ENSG00000110713,65
1715,NUP107,P57740,ENSG00000111581,65
1716,NUP155,O75694,ENSG00000113569,65
1717,NUP214,P35658,ENSG00000126883,65
1719,TPR,P12270,ENSG00000047410,65
1720,WAPL,Q7Z5K2,ENSG00000062650,135
1721,STAG1,Q8WVM7,ENSG00000118007,85
1722,STAG2,Q8N3U4,ENSG00000101972,5
1723,RAD21,O60216,ENSG00000164754,85
1724,CTCF,P49711,ENSG00000102974,133
1726,RUVBL1,Q9Y265,ENSG00000284901,88
1727,RUVBL2,Q9Y230,ENSG00000183207,88
1728,POT1,Q9NUX5,ENSG00000128513,18
1729,TERF1,P54274,ENSG00000147601,18
1730,TERF2,Q15554,ENSG00000132604,111
1731,VPS29,Q9UBQ0,ENSG00000111237,121
1733,PGRMC1,O00264,ENSG00000101856,9
1734,CLPTM1,O96005,ENSG00000104853,128
1735,PGRMC2,O15173,ENSG00000164040,90
1736,RPL4,P36578,ENSG00000174444,0
1737,RPL13,P26373,ENSG00000167526,0
1738,RPL19,P84098,ENSG00000108298,0
1739,HNRNPH1,P31943,ENSG00000169045,95
1740,EIF3M,Q7L2H7,ENSG00000149100,14
1741,U2AF2,P26368,ENSG00000063244,95
1742,PGK1,P00558,ENSG00000102144,31
1743,UBA1,P22314,ENSG00000130985,80
1744,EDF1,O60869,ENSG00000107223,137
1745,AP2S1,P53680,ENSG00000042753,117
1746,ZCRB1,P49591,ENSG00000031698,123
1747,EIF2S3,P41091,ENSG00000130741,14
1748,RPS18,P62269,ENSG00000235650,14
1749,EEF1G,P26641,ENSG00000254772,0
1751,EIF4A1,P60842,ENSG00000161960,0
1752,DDX39B,Q13838,ENSG00000230624,12
1753,CNBP,P62633,ENSG00000169714,154
1754,EIF5,P55010,ENSG00000100664,123
1755,HMGB2,P26583,ENSG00000164104,172
1756,EIF3G,O75821,ENSG00000130811,0
1759,EIF3B,P55884,ENSG00000106263,0
1760,EIF4A3,P38919,ENSG00000141543,30
1761,AHCY,P23526,ENSG00000101444,124
1762,PABPC4,Q13310,ENSG00000090621,169
1763,RNF40,O75150,ENSG00000103549,156
1764,PRPF19,Q9UMS4,ENSG00000110107,30
1765,SAE1,Q9UBE0,ENSG00000142230,56
1766,GNB1,P62873,ENSG00000078369,54
1767,METAP2,P50579,ENSG00000111142,169
1768,CTPS1,P17812,ENSG00000171793,52
1769,EFTUD2,Q15029,ENSG00000108883,30
1770,U2SURP,O15042,ENSG00000163714,30
1771,GSPT1,P15170,ENSG00000103342,123
1773,PPM1G,O15355,ENSG00000115241,56
1774,USP22,Q9UPT9,ENSG00000124422,135
1775,ARPC2,O15144,ENSG00000163466,113
1776,FAM50A,Q14320,ENSG00000071859,56
1777,DCTN2,Q13561,ENSG00000175203,27
1782,PDAP1,Q13442,ENSG00000106244,67
1783,UFC1,Q9Y3C8,ENSG00000143222,10
1784,FANCA,O15360,ENSG00000187741,55
1785,UBA5,Q9GZZ9,ENSG00000081307,4
1786,ZCCHC17,Q9NP64,ENSG00000121766,97
1787,VPS8,Q8N3P4,ENSG00000156931,33
1788,TGFBRAP1,Q8WUH2,ENSG00000135966,33
1789,EMC1,Q8N766,ENSG00000127463,66
1790,EMC2,Q15006,ENSG00000104412,9
1791,EMC4,Q5J8M3,ENSG00000128463,9
1792,EMC7,Q9NPA0,ENSG00000134153,9
1793,EMC8,O43402,ENSG00000131148,9
1794,EMC9,Q9Y3B6,ENSG00000100908,75
1796,TMCO1,Q9UM00,ENSG00000143183,53
1797,TMEM147,Q9BVK8,ENSG00000105677,66
1798,ENY2,Q9NPA8,ENSG00000120533,47
1800,MCM10,Q7L590,ENSG00000065328,92
1803,RAD17,O75943,ENSG00000276618,11
1806,ATG101,Q9BSB4,ENSG00000123395,138
1807,ATG12,O94817,ENSG00000145782,138
1808,ATG13,O75143,ENSG00000175224,138
1809,ATG3,Q9NT62,ENSG00000144848,4
1810,ATG4B,Q9Y4P1,ENSG00000168397,127
1813,ATG7,O95352,ENSG00000197548,120
1814,ATG2A,Q2TAZ0,ENSG00000110046,167
1815,ATG2B,Q96BY7,ENSG00000066739,167
1817,ATG14,Q6ZNE5,ENSG00000126775,167
1818,FTH1,P02794,ENSG00000167996,58
1821,PNPLA2,Q96AD5,ENSG00000177666,58
1822,NCAPH,Q15003,ENSG00000121152,70
1824,ZNF598,Q86UK7,ENSG00000167962,2
1825,NEMF,O60524,ENSG00000165525,76
1826,TCF25,Q9BQ70,ENSG00000141002,4
1827,USP7,Q93009,ENSG00000187555,48
1828,RING1,Q06587,ENSG00000231115,85
1829,INTS14,Q96SY0,ENSG00000138614,24
1830,ACTR5,Q9H9F9,ENSG00000101442,84
1831,TMEM63B,Q5T3F8,ENSG00000137216,176
1832,NUF2,Q9BZD4,ENSG00000143228,37
1833,HMGN2,P05204,ENSG00000198830,94
1834,HNRNPC,P07910,ENSG00000092199,95
1835,H2AZ1,P0C0S5,ENSG00000164032,95
1836,HNRNPD,Q14103,ENSG00000138668,114
1837,HNRNPU,Q00839,ENSG00000153187,114
1838,AP2B1,P63010,ENSG00000006125,117
1839,SFPQ,P23246,ENSG00000116560,48
1840,RBMX,P38159,ENSG00000147274,48
1841,RBBP4,Q09028,ENSG00000162521,114
1842,NUCKS1,Q9H1E3,ENSG00000069275,114
1843,HMGA1,P17096,ENSG00000137309,94
1844,AMBRA1,Q9C0C7,ENSG00000110497,119
1846,CCZ1B,P86790,ENSG00000146574,28
1849,KEAP1,Q14145,ENSG00000079999,166
1850,MFSD12,Q6NUT3,ENSG00000161091,62
1852,SPNS1,Q9H2V7,ENSG00000169682,126
1853,TOLLIP,Q9H0E2,ENSG00000078902,164
1854,UVRAG,Q9P2Y5,ENSG00000198382,20
1855,VMP1,Q96GC9,ENSG00000062716,49
1857,VPS16,Q9H269,ENSG00000215305,20
1858,VPS18,Q9P253,ENSG00000104142,20
1859,VPS33A,Q96AX1,ENSG00000139719,20
1860,VPS41,P49754,ENSG00000006715,176
1864,SPG21,Q9NZD8,ENSG00000090487,121
1868,TMEM208,Q9BTX3,ENSG00000168701,49
1871,INTS5,Q6P9B9,ENSG00000185085,24
1874,TMEM192,Q8IY95,ENSG00000170088,126
1875,MFN2,O95140,ENSG00000116688,79
1876,INTS9,Q9NV88,ENSG00000104299,24
1878,ARID1B,Q8NFD5,ENSG00000049618,64
1879,MARK4,Q96L34,ENSG00000007047,6
1880,DYNC1H1,Q14204,ENSG00000197102,157
1882,REEP3,Q6NUK4,ENSG00000165476,122
1883,CERS5,Q8N5B7,ENSG00000139624,112
1884,PDCL3,Q9H2J4,ENSG00000115539,123
1886,SMARCA2,P51531,ENSG00000080503,64
1887,PRKD3,O94806,ENSG00000115825,73
1888,KIF20A,O95235,ENSG00000112984,151
1890,STIM2,Q9P246,ENSG00000109689,122
1892,NSA2,O95478,ENSG00000164346,35
1894,HLA-A,P04439,ENSG00000206505,34
1895,STK32C,Q86UX6,ENSG00000165752,45
1896,SF3B4,Q15427,ENSG00000143368,12
1897,CDK5,Q00535,ENSG00000164885,45
1898,CKAP2L,Q8IYA6,ENSG00000169607,85
1899,RANBP2,P49792,ENSG00000153201,148
1900,AKR1A1,P14550,ENSG00000117448,150
1902,RPL27,P61353,ENSG00000131469,14
1903,TAF1,P21675,ENSG00000147133,97
1904,SNRPB,P14678,ENSG00000125835,162
1905,CHUK,O15111,ENSG00000213341,51
1906,LBR,Q14739,ENSG00000143815,55
1908,RAN,P62826,ENSG00000132341,47
1909,FAM50B,Q9Y247,ENSG00000145945,11
1910,SEC24D,O94855,ENSG00000150961,71
1912,RBM15,Q96T37,ENSG00000162775,36
1916,SRI,P30626,ENSG00000075142,107
1917,ATP6AP1,Q15904,ENSG00000071553,32
1919,SLC4A2,P04920,ENSG00000164889,23
1920,SBDS,Q9Y3A5,ENSG00000126524,89
1921,GRK2,P25098,ENSG00000173020,2
1922,SEPTIN5,Q99719,ENSG00000184702,37
1924,ATP6V1D,Q9Y5K8,ENSG00000100554,82
1926,ANKRD54,Q6NXT1,ENSG00000100124,153
1928,GTF2F1,P35269,ENSG00000125651,92
1929,PATZ1,Q9HBE1,ENSG00000100105,19
1930,CCDC86,Q9H6F5,ENSG00000110104,44
1931,ATP6V1E1,P36543,ENSG00000131100,103
1933,PSMD10,O75832,ENSG00000101843,150
1934,RPP30,P78346,ENSG00000148688,144
1935,SVIL,O95425,ENSG00000197321,23
1936,EMC10,Q5UCC4,ENSG00000161671,66
1942,BECN1,Q14457,ENSG00000126581,20
2014,C4orf32,Q8N8J7,ENSG00000174749,125
